race,race_id,horse,plan,price,price_now,model_price,value,angles,stake,hurdle,result,returned
1,BRAT_091026_1,Raghnall,top_pick,2.6,2.6,4.48,-0.42,,1.0,no,,
3,BRAT_091026_3,Howcani Resistyou,top_pick,2.65,2.65,5.39,-0.508,Class drop (rating),1.0,no,,
5,BRAT_091026_5,Koko,top_pick,2.9,2.9,4.16,-0.302,,1.0,no,,
5,BRAT_091026_5,Old Time Rock,EDGE,17.0,17.0,11.36,0.496,"Third-up, improving; Proven wet on a wet track",0.65,no,,
5,BRAT_091026_5,Old Time Rock,value_20c,17.0,17.0,11.36,0.496,"Third-up, improving; Proven wet on a wet track",0.65,no,,
6,BRAT_091026_6,Russian Sky,EDGE,11.0,11.0,7.0,0.571,Proven wet on a wet track,1.78,no,,
6,BRAT_091026_6,Russian Sky,value_20c,11.0,11.0,7.0,0.571,Proven wet on a wet track,1.78,no,,
6,BRAT_091026_6,Dihheri,top_pick,2.75,2.75,3.82,-0.279,,1.0,no,,
7,BRAT_091026_7,Imperial Award,top_pick,7.5,7.5,5.04,0.488,"Third-up, improving",1.0,no,,
8,BRAT_091026_8,Chantra,value_20c,17.0,17.0,11.73,0.449,,0.6,no,,
8,BRAT_091026_8,Strong Tempo,top_pick,1.85,1.85,3.85,-0.52,; EARLY ONLY: bet near the open,1.0,no,,
9,BRAT_091026_9,Aka Daka,EDGE,13.0,13.0,8.96,0.451,Above the field in all three sections,0.8,no,,
9,BRAT_091026_9,Aka Daka,value_20c,13.0,13.0,8.96,0.451,Above the field in all three sections,0.8,no,,
9,BRAT_091026_9,Inherently,top_pick,8.5,8.5,8.32,0.021,,1.0,no,,
10,BRAT_091026_10,Soldier Boi,top_pick,4.4,4.4,3.62,0.216,,1.0,no,,
