race,race_id,horse,plan,price,price_now_1020,model_price,value,angles,stake,hurdle,result,returned
1,WNBL_011026_1,Endless Fury,EDGE,10.0,4.6,6.12,0.634,Class drop (rating),1.0,yes,,
1,WNBL_011026_1,Endless Fury,value_20c,10.0,4.6,6.12,0.634,Class drop (rating),1.0,yes,,
1,WNBL_011026_1,Enchilada,top_pick,2.6,1.8,2.49,0.045,Already run to today's class; Class drop (rating),1.0,yes,,
2,WNBL_011026_2,Black Peppermint,top_pick,3.9,2.7,3.63,0.075,Already run to today's class; Class drop (rating),1.0,yes,,
2,WNBL_011026_2,Smiling Assassin,EDGE,34.0,13.0,10.47,2.248,Class drop (rating),1.0,yes,,
2,WNBL_011026_2,Smiling Assassin,value_20c,34.0,13.0,10.47,2.248,Class drop (rating),1.0,yes,,
3,WNBL_011026_3,Thermic,value_20c,6.0,5.5,4.51,0.33,,1.0,no,,
3,WNBL_011026_3,Tuscan Rose,top_pick,2.0,1.55,2.24,-0.108,Beaten by the pace last start; Back in trip after being handy,1.0,no,,
4,WNBL_011026_4,Mr Cicconi,value_20c,3.6,4.8,2.84,0.268,,1.0,no,,
4,WNBL_011026_4,Mr Cicconi,top_pick,3.6,4.8,2.84,0.268,,1.0,no,,
4,WNBL_011026_4,Rakiynn,EDGE,15.0,9.5,9.53,0.575,Already run to today's class,1.0,no,,
4,WNBL_011026_4,Rakiynn,value_20c,15.0,9.5,9.53,0.575,Already run to today's class,1.0,no,,
4,WNBL_011026_4,Tikiela,EDGE,11.0,13.0,8.92,0.234,Already run to today's class; New career-best last start,1.0,no,,
4,WNBL_011026_4,Tikiela,value_20c,11.0,13.0,8.92,0.234,Already run to today's class; New career-best last start,1.0,no,,
5,WNBL_011026_5,Celibate,EDGE,3.8,3.1,3.06,0.241,Class drop (rating),1.0,no,,
5,WNBL_011026_5,Celibate,value_20c,3.8,3.1,3.06,0.241,Class drop (rating),1.0,no,,
5,WNBL_011026_5,Celibate,top_pick,3.8,3.1,3.06,0.241,Class drop (rating),1.0,no,,
5,WNBL_011026_5,Secret Hell,value_20c,16.0,8.5,8.63,0.854,,1.0,no,,
5,WNBL_011026_5,Artistic Genius,value_20c,12.0,5.5,9.14,0.313,,1.0,no,,
5,WNBL_011026_5,Powering Away,EDGE,18.0,12.0,13.42,0.342,Declining deep in prep,1.0,no,,
5,WNBL_011026_5,Powering Away,value_20c,18.0,12.0,13.42,0.342,Declining deep in prep,1.0,no,,
5,WNBL_011026_5,World Action,EDGE,18.0,7.0,7.64,1.356,Beaten by the pace last start,1.0,no,,
5,WNBL_011026_5,World Action,value_20c,18.0,7.0,7.64,1.356,Beaten by the pace last start,1.0,no,,
6,WNBL_011026_6,Edges Diamond,EDGE,22.0,13.0,9.51,1.314,"Third-up, improving; Class drop (rating)",1.0,no,,
6,WNBL_011026_6,Edges Diamond,value_20c,22.0,13.0,9.51,1.314,"Third-up, improving; Class drop (rating)",1.0,no,,
6,WNBL_011026_6,Nordic Strike,top_pick,4.1,3.5,3.67,0.118,,1.0,no,,
6,WNBL_011026_6,Forever With Ned,value_20c,11.5,8.0,7.88,0.459,,1.0,no,,
7,WNBL_011026_7,Hoodys Horse,EDGE,19.0,17.0,13.3,0.428,Declining deep in prep; Well backed before a bad last run,1.0,no,,
7,WNBL_011026_7,Hoodys Horse,value_20c,19.0,17.0,13.3,0.428,Declining deep in prep; Well backed before a bad last run,1.0,no,,
7,WNBL_011026_7,Philharmonic,EDGE,18.0,9.5,11.85,0.519,"Beaten by the pace last start; Third-up, improving; Late 600 beyond the tempo",1.0,no,,
7,WNBL_011026_7,Philharmonic,value_20c,18.0,9.5,11.85,0.519,"Beaten by the pace last start; Third-up, improving; Late 600 beyond the tempo",1.0,no,,
7,WNBL_011026_7,Both Sides Now,value_20c,16.0,7.5,8.74,0.831,,1.0,no,,
7,WNBL_011026_7,Just My Lot,top_pick,2.95,5.0,4.13,-0.286,Well backed before a bad last run,1.0,no,,
8,WNBL_011026_8,Albanian I Am,value_20c,18.0,13.0,13.73,0.311,,1.0,no,,
8,WNBL_011026_8,Mr Sioux,top_pick,4.2,5.0,4.81,-0.128,,1.0,no,,
8,WNBL_011026_8,Victory Tune,value_20c,10.0,5.5,7.34,0.362,,1.0,no,,
8,WNBL_011026_8,Imminent Storm,value_20c,23.0,10.0,12.8,0.798,,1.0,no,,
