race,race_id,horse,plan,price,price_now,model_price,value,angles,stake,hurdle,result,returned,deduction,effective_price,profit,profit_no_deduction,bsp,finish_bsp,profit_bsp
1,BRAT_300926_1,Sabrina,value_20c,18.0,13.0,13.15,0.369,,1.0,no,5th $9.00,0.00,0.560,7.92,-1.00,-1.00,11.42,5,-1.00
1,BRAT_300926_1,Semantics,top_pick,2.7,2.0,2.42,0.116,,1.0,no,SCR (refund),1.0,0.000,2.7,0.00,0.00,,,
1,BRAT_300926_1,Epponnee Rae,EDGE,51.0,71.0,22.16,1.302,Beaten by the pace last start; New career-best last start,1.0,no,8th $31.00,0.00,0.560,22.44,-1.00,-1.00,62.77,8,-1.00
1,BRAT_300926_1,Epponnee Rae,value_20c,51.0,71.0,22.16,1.302,Beaten by the pace last start; New career-best last start,1.0,no,8th $31.00,0.00,0.560,22.44,-1.00,-1.00,62.77,8,-1.00
2,BRAT_300926_2,Lollie's Galore,value_20c,6.5,7.5,5.29,0.228,,1.0,no,4th $12.00,0.00,0.100,5.85,-1.00,-1.00,15.3,4,-1.00
2,BRAT_300926_2,Lollie's Galore,top_pick,6.5,7.5,5.29,0.228,,1.0,no,4th $12.00,0.00,0.100,5.85,-1.00,-1.00,15.3,4,-1.00
2,BRAT_300926_2,Aerostatique,value_20c,31.0,14.0,25.81,0.201,,1.0,no,7th $10.00,0.00,0.100,27.90,-1.00,-1.00,11.33,7,-1.00
3,BRAT_300926_3,Reve De Paris,value_20c,21.0,11.0,10.47,1.006,,1.0,no,12th $7.50,0.00,0.550,9.45,-1.00,-1.00,8.8,12,-1.00
3,BRAT_300926_3,Levate,EDGE,18.0,12.0,10.21,0.763,New career-best last start,1.0,no,2nd $12.00,0.00,0.550,8.10,-1.00,-1.00,11.64,2,-1.00
3,BRAT_300926_3,Levate,value_20c,18.0,12.0,10.21,0.763,New career-best last start,1.0,no,2nd $12.00,0.00,0.550,8.10,-1.00,-1.00,11.64,2,-1.00
3,BRAT_300926_3,Braemar Hill,value_20c,8.5,5.25,5.16,0.646,,1.0,no,3rd $5.50,0.00,0.550,3.82,-1.00,-1.00,5.33,3,-1.00
3,BRAT_300926_3,Shocko In Morocco,EDGE,61.0,34.0,31.33,0.947,Class drop (rating),1.0,no,8th $31.00,0.00,0.550,27.45,-1.00,-1.00,49.01,8,-1.00
3,BRAT_300926_3,Shocko In Morocco,value_20c,61.0,34.0,31.33,0.947,Class drop (rating),1.0,no,8th $31.00,0.00,0.550,27.45,-1.00,-1.00,49.01,8,-1.00
3,BRAT_300926_3,Full Confidence,value_20c,5.5,3.4,4.44,0.24,,1.0,no,4th $2.10,0.00,0.550,2.47,-1.00,-1.00,2.47,4,-1.00
3,BRAT_300926_3,Full Confidence,top_pick,5.5,3.4,4.44,0.24,,1.0,no,4th $2.10,0.00,0.550,2.47,-1.00,-1.00,2.47,4,-1.00
4,BRAT_300926_4,Lope De Lardo,EDGE,21.0,9.0,13.1,0.603,New career-best last start; Late 600 beyond the tempo,1.0,no,3rd $11.00,0.00,0.740,5.46,-1.00,-1.00,12.76,3,-1.00
4,BRAT_300926_4,Lope De Lardo,value_20c,21.0,9.0,13.1,0.603,New career-best last start; Late 600 beyond the tempo,1.0,no,3rd $11.00,0.00,0.740,5.46,-1.00,-1.00,12.76,3,-1.00
4,BRAT_300926_4,Venetian Choice,EDGE,15.0,4.6,3.7,3.049,New career-best last start,1.0,no,1st $5.50,3.90,0.740,3.90,2.90,14.00,6.0,1,4.60
4,BRAT_300926_4,Venetian Choice,value_20c,15.0,4.6,3.7,3.049,New career-best last start,1.0,no,1st $5.50,3.90,0.740,3.90,2.90,14.00,6.0,1,4.60
4,BRAT_300926_4,Tempt The Gods,value_20c,46.0,17.0,22.54,1.041,,1.0,no,2nd $14.00,0.00,0.740,11.96,-1.00,-1.00,13.51,2,-1.00
4,BRAT_300926_4,Perfect Night,top_pick,4.2,2.45,3.66,0.147,Beaten by the pace last start,1.0,no,4th $2.25,0.00,0.740,1.09,-1.00,-1.00,2.44,4,-1.00
4,BRAT_300926_4,Celestial Splendor,value_20c,18.0,8.5,9.48,0.898,,1.0,no,6th $11.00,0.00,0.740,4.68,-1.00,-1.00,14.97,6,-1.00
4,BRAT_300926_4,Comic Hero,EDGE,28.5,14.0,21.27,0.34,Class drop (rating),1.0,no,7th $20.00,0.00,0.740,7.41,-1.00,-1.00,29.0,7,-1.00
4,BRAT_300926_4,Comic Hero,value_20c,28.5,14.0,21.27,0.34,Class drop (rating),1.0,no,7th $20.00,0.00,0.740,7.41,-1.00,-1.00,29.0,7,-1.00
4,BRAT_300926_4,Share The Stars,EDGE,31.0,16.0,19.59,0.583,Well backed before a bad last run,1.0,no,5th $21.00,0.00,0.740,8.06,-1.00,-1.00,30.6,5,-1.00
4,BRAT_300926_4,Share The Stars,value_20c,31.0,16.0,19.59,0.583,Well backed before a bad last run,1.0,no,5th $21.00,0.00,0.740,8.06,-1.00,-1.00,30.6,5,-1.00
5,BRAT_300926_5,Yauson,top_pick,2.55,1.85,2.94,-0.133,"Third-up, improving; Late 600 beyond the tempo",1.0,no,1st $1.95,2.55,0.000,2.55,1.55,1.55,1.97,1,0.89
6,BRAT_300926_6,Handee,top_pick,5.2,4.8,4.65,0.118,New career-best last start,1.0,no,6th $4.40,0.00,0.330,3.48,-1.00,-1.00,4.7,6,-1.00
6,BRAT_300926_6,Cavill Avenue,EDGE,8.75,3.3,4.86,0.802,Late 600 beyond the tempo,1.0,no,3rd $2.50,0.00,0.330,5.86,-1.00,-1.00,3.06,3,-1.00
6,BRAT_300926_6,Cavill Avenue,value_20c,8.75,3.3,4.86,0.802,Late 600 beyond the tempo,1.0,no,3rd $2.50,0.00,0.330,5.86,-1.00,-1.00,3.06,3,-1.00
6,BRAT_300926_6,Inner Gold,EDGE,22.0,9.0,11.4,0.93,"Already run to today's class; New career-best last start; Third-up, improving",1.0,no,2nd $9.00,0.00,0.330,14.74,-1.00,-1.00,9.83,2,-1.00
6,BRAT_300926_6,Inner Gold,value_20c,22.0,9.0,11.4,0.93,"Already run to today's class; New career-best last start; Third-up, improving",1.0,no,2nd $9.00,0.00,0.330,14.74,-1.00,-1.00,9.83,2,-1.00
6,BRAT_300926_6,Getsmybloodrussian,value_20c,71.0,23.0,49.62,0.431,,1.0,no,7th $81.00,0.00,0.330,47.57,-1.00,-1.00,110.0,7,-1.00
6,BRAT_300926_6,Home Invasion,EDGE,28.5,13.0,14.73,0.935,New career-best last start; Class drop (rating),1.0,no,8th $16.00,0.00,0.330,19.09,-1.00,-1.00,24.36,8,-1.00
6,BRAT_300926_6,Home Invasion,value_20c,28.5,13.0,14.73,0.935,New career-best last start; Class drop (rating),1.0,no,8th $16.00,0.00,0.330,19.09,-1.00,-1.00,24.36,8,-1.00
6,BRAT_300926_6,Wonderful Sky,value_20c,14.0,7.5,10.24,0.367,,1.0,no,5th $10.00,0.00,0.330,9.38,-1.00,-1.00,12.23,5,-1.00
7,BRAT_300926_7,Delivering,value_20c,41.0,21.0,21.35,0.92,,1.0,no,5th $21.00,0.00,0.400,24.60,-1.00,-1.00,36.98,5,-1.00
7,BRAT_300926_7,Stormbender,EDGE,8.5,7.0,6.21,0.369,Already run to today's class,1.0,no,7th $5.50,0.00,0.400,5.10,-1.00,-1.00,7.52,7,-1.00
7,BRAT_300926_7,Stormbender,value_20c,8.5,7.0,6.21,0.369,Already run to today's class,1.0,no,7th $5.50,0.00,0.400,5.10,-1.00,-1.00,7.52,7,-1.00
7,BRAT_300926_7,Primal Spirit,value_20c,31.0,17.0,23.98,0.293,,1.0,no,2nd $16.00,0.00,0.400,18.60,-1.00,-1.00,19.63,2,-1.00
7,BRAT_300926_7,Sulek,EDGE,12.0,4.6,7.02,0.71,Already run to today's class; Class drop (rating),1.0,no,4th $3.20,0.00,0.400,7.20,-1.00,-1.00,3.93,4,-1.00
7,BRAT_300926_7,Sulek,value_20c,12.0,4.6,7.02,0.71,Already run to today's class; Class drop (rating),1.0,no,4th $3.20,0.00,0.400,7.20,-1.00,-1.00,3.93,4,-1.00
7,BRAT_300926_7,Brandjam,value_20c,61.0,21.0,25.76,1.368,,1.0,no,6th $13.00,0.00,0.400,36.60,-1.00,-1.00,14.5,6,-1.00
7,BRAT_300926_7,Aurora Belle,top_pick,3.2,2.8,3.61,-0.113,,1.0,no,1st $4.60,1.92,0.400,1.92,0.92,2.20,5.1,1,3.77
8,BRAT_300926_8,Gina's A Star,value_20c,10.0,7.0,5.89,0.699,,1.0,no,2nd $6.50,0.00,0.300,7.00,-1.00,-1.00,6.11,2,-1.00
8,BRAT_300926_8,Yolo,EDGE,8.0,4.2,4.19,0.911,Late 600 beyond the tempo,1.0,no,1st $3.60,5.60,0.300,5.60,4.60,7.00,3.97,1,2.73
8,BRAT_300926_8,Yolo,value_20c,8.0,4.2,4.19,0.911,Late 600 beyond the tempo,1.0,no,1st $3.60,5.60,0.300,5.60,4.60,7.00,3.97,1,2.73
8,BRAT_300926_8,Yolo,top_pick,8.0,4.2,4.19,0.911,Late 600 beyond the tempo,1.0,no,1st $3.60,5.60,0.300,5.60,4.60,7.00,3.97,1,2.73
8,BRAT_300926_8,Commands Success,value_20c,51.0,26.0,25.31,1.015,,1.0,no,7th $21.00,0.00,0.300,35.70,-1.00,-1.00,32.0,7,-1.00
8,BRAT_300926_8,Just Bolts,value_20c,26.0,13.0,19.27,0.349,,1.0,no,8th $13.00,0.00,0.300,18.20,-1.00,-1.00,17.0,8,-1.00
