price_from,price_to,win_cents,place3_cents,place2_cents
1.01,1.16,80,30,44
1.17,1.18,79,30,44
1.19,1.2,78,30,44
1.21,1.22,77,30,44
1.23,1.24,75,29,43
1.25,1.26,74,29,43
1.27,1.28,73,29,43
1.29,1.3,72,29,42
1.31,1.35,69,29,42
1.36,1.4,67,28,41
1.41,1.45,64,28,41
1.46,1.5,62,28,40
1.51,1.55,60,27,39
1.56,1.6,58,27,39
1.61,1.65,57,27,38
1.66,1.7,55,27,38
1.71,1.75,53,26,37
1.76,1.8,52,26,37
1.81,1.85,51,26,36
1.86,1.9,49,25,36
1.91,1.95,48,25,35
1.96,2.0,47,25,35
2.01,2.05,46,25,35
2.06,2.1,45,24,34
2.11,2.15,43,24,34
2.16,2.25,42,24,33
2.26,2.3,41,24,33
2.31,2.35,40,23,32
2.36,2.4,39,23,32
2.41,2.45,38,23,32
2.46,2.5,37,23,31
2.51,2.6,36,22,30
2.61,2.7,35,22,30
2.71,2.8,33,21,29
2.81,2.9,32,21,29
2.91,3.0,31,21,28
3.01,3.1,30,20,27
3.11,3.2,29,20,27
3.21,3.3,28,20,26
3.31,3.4,27,19,26
3.41,3.5,27,19,25
3.51,3.6,26,19,25
3.61,3.7,25,19,25
3.71,3.8,25,18,24
3.81,3.9,24,18,24
3.91,4.0,23,18,23
4.01,4.2,22,17,23
4.21,4.4,21,17,22
4.41,4.6,20,16,21
4.61,4.8,19,16,21
4.81,5.0,19,16,20
5.01,5.5,17,15,19
5.51,6.0,16,14,18
6.01,6.5,14,13,16
6.51,7.0,13,12,16
7.01,7.5,12,12,15
7.51,8.0,12,11,14
8.01,8.5,11,11,13
8.51,9.0,10,10,13
9.01,9.5,10,10,12
9.51,10.0,9,10,12
10.01,11.0,8,9,11
11.01,12.0,8,8,10
12.01,13.0,7,8,9
13.01,14.0,7,7,9
14.01,16.0,6,7,8
16.01,19.0,5,6,7
19.01,20.0,5,5,6
20.01,21.0,4,5,6
21.01,26.0,3,4,5
26.01,31.0,3,3,4
31.01,41.0,2,3,3
41.01,51.0,2,2,2
