race,distance,horse,barrier,jockey,finish,runners,margin,sp,bsp,at_weights,wfa,race_rating,expected,vs_class,speed,finishing_speed,settle,pos800,pos400,early_to600_vs_class,late_last600_vs_class,split_start,split_1200_1000,split_1000_800,split_800_600,split_600_400,split_400_200,split_200_f,late_race_rank,late_meet_rank
1,1100,Threads,2,Blake Shinn,1,10,0.0,12.0,12.5,89.0,91.86,89.0,88.56,0.29,100.86,100.55,3.0,2.0,1.0,2.36,-2.07,-1.46,,1.33,2.49,0.72,-1.43,-1.36,6,43
1,1100,Jarbardar,7,Harry Coffey,2,10,0.75,5.0,5.68,87.8,89.36,89.0,89.57,-0.22,100.85,100.7,1.0,3.0,3.0,1.97,-2.19,-1.2,,0.94,2.23,0.08,-1.69,-0.59,7,47
1,1100,Aemond,5,Daniel Stackhouse,3,10,1.25,9.5,10.44,86.61,88.31,89.0,88.79,-0.73,99.85,101.38,4.0,4.0,5.0,1.08,-1.81,-1.58,,0.43,2.23,0.33,-1.81,-0.33,5,41
1,1100,Jacaranda,11,Jackson Radley,4,10,2.0,26.0,28.9,84.81,87.28,89.0,87.49,-1.5,99.45,102.85,7.0,7.0,8.0,-0.72,-0.79,-2.61,,-0.85,2.74,0.59,-1.3,-0.07,3,27
1,1100,Barghest,14,Jamie Melham,5,10,3.25,8.5,9.4,82.42,86.42,89.0,88.92,-2.53,98.04,104.08,8.0,9.0,9.0,-2.38,-0.15,-2.87,,-1.75,2.23,0.97,-1.05,-0.07,2,20
1,1100,Tales Of Time,4,Ben Melham,6,10,3.55,2.2,2.64,81.52,86.08,89.0,90.55,-2.91,96.24,102.84,9.0,8.0,7.0,-1.36,-1.55,-2.99,,-1.23,2.87,1.36,-2.33,-0.59,4,37
1,1100,Gin Twist,8,Luke Currie,7,10,3.7,16.0,15.39,81.23,87.62,89.0,88.29,-3.04,96.64,100.7,5.0,6.0,6.0,0.69,-3.73,-1.84,,0.05,2.49,0.59,-2.2,-2.12,8,63
1,1100,Verzain,10,Luke Cartwright,8,10,3.95,31.0,37.44,80.63,86.45,89.0,87.16,-3.29,96.44,105.3,10.0,10.0,10.0,-3.92,0.62,-5.17,,-1.62,2.87,2.13,-0.79,-0.71,1,11
1,1100,Smoky Kitchen,1,Jabez Johnstone,9,10,7.7,17.0,24.17,74.13,76.4,89.0,87.72,-7.39,88.62,98.62,6.0,5.0,4.0,0.82,-8.22,-2.1,,0.69,2.23,0.72,-3.22,-5.71,9,82
1,1100,Come Together,3,Zac Lloyd,10,10,15.7,26.0,35.0,69.72,70.77,89.0,87.24,-16.62,74.57,92.85,2.0,1.0,2.0,2.87,-19.49,-1.33,,1.84,2.36,-0.31,-4.76,-14.42,10,89
2,1440,Regal Ambition,4,Michael Dee,1,9,1.0,5.5,6.8,92.1,98.58,92.1,88.56,2.42,104.57,112.23,9.0,9.0,6.0,-0.59,3.01,-5.12,1.61,1.53,1.39,2.53,0.91,-0.44,1,4
2,1440,Pretty Baby,6,Jamie Melham,2,9,1.0,2.15,2.5,90.44,97.51,92.1,89.68,1.57,103.57,109.91,5.0,6.0,5.0,1.48,0.08,-1.95,1.49,1.41,0.53,0.95,0.06,-0.92,2,23
2,1440,Platinum Pearl,2,James McDonald,3,9,2.5,10.0,13.27,87.83,93.34,92.1,87.81,0.23,100.57,107.31,3.0,3.0,3.0,3.67,-3.45,0.61,1.25,1.17,0.66,-0.51,-2.26,-0.68,6,65
2,1440,Rubi's Choice,3,Blake Shinn,4,9,3.5,8.5,10.5,86.17,94.11,92.1,88.07,-0.63,99.37,108.86,6.0,5.0,7.0,1.36,-1.99,-2.32,1.73,1.78,0.17,0.46,-1.28,-1.17,4,51
2,1440,Katoto,11,Damian Lane,5,9,3.9,18.0,22.56,85.46,90.88,92.1,87.22,-0.99,99.97,109.94,7.0,8.0,8.0,-0.1,-0.89,-3.29,1.25,1.78,0.17,0.83,-1.28,-0.44,3,35
2,1440,Cherry Bomshell,5,Ben E Thompson,6,9,4.9,7.5,10.0,83.66,90.89,92.1,88.13,-1.96,97.57,106.5,4.0,4.0,4.0,3.31,-5.27,-0.13,1.49,1.29,0.66,-0.27,-2.26,-2.75,7,74
2,1440,Grinzinger Heart,7,Lachlan King,7,9,5.36,81.0,114.57,83.04,91.32,92.1,85.39,-2.33,97.37,105.0,2.0,2.0,2.0,4.89,-7.22,1.46,1.61,1.05,0.78,-0.51,-2.5,-4.21,8,80
2,1440,Voynichese,12,Declan Bates,8,9,5.71,41.0,48.0,82.44,89.8,92.1,86.37,-2.7,97.37,108.94,8.0,7.0,9.0,0.02,-2.72,-3.41,1.12,2.14,0.17,0.22,-2.74,-0.19,5,58
2,1440,By Choice,8,Tim Clark,9,9,6.46,9.0,10.29,81.19,87.45,92.1,88.1,-3.55,95.57,104.1,1.0,1.0,1.0,5.26,-8.8,2.92,0.64,0.92,0.78,-0.63,-2.99,-5.18,9,86
3,2000,Royal Supremacy,4,Mark Zahra,1,13,0.75,4.8,5.2,95.0,95.8,95.0,97.28,-16.75,72.8,115.41,1.0,1.0,1.0,-18.58,1.84,-23.36,-0.86,1.65,4.0,0.55,0.64,0.65,3,14
3,2000,Future History,1,Ben Melham,2,13,0.75,11.0,15.97,94.05,94.45,95.0,96.16,-17.34,71.21,116.11,3.0,3.0,2.0,-19.9,2.55,-25.27,-0.74,1.53,4.59,0.67,1.23,0.65,1,8
3,2000,See That Storm,5,Craig Williams,3,13,3.75,4.8,4.8,89.85,85.87,95.0,97.36,-19.97,67.62,114.98,4.0,4.0,5.0,-20.37,0.41,-26.34,-0.74,2.24,4.47,-0.52,0.04,0.89,6,34
3,2000,Detonator Jack,8,John Allen,4,13,4.25,12.0,14.91,89.09,87.5,95.0,96.23,-20.44,67.43,116.77,9.0,10.0,10.0,-22.99,2.55,-29.92,-0.51,2.96,4.47,0.19,0.64,1.72,1,8
3,2000,Darkbonee,11,Jamie Melham,5,13,4.35,5.0,4.72,88.9,84.92,95.0,97.37,-20.56,67.83,115.29,7.0,8.0,6.0,-21.21,0.64,-28.37,-0.86,2.6,5.43,-0.29,-0.08,1.01,5,29
3,2000,Smokin' Romans,2,Jabez Johnstone,6,13,4.41,20.0,27.0,88.71,85.92,95.0,95.64,-20.68,65.83,113.56,2.0,2.0,3.0,-19.06,-1.62,-24.68,-0.39,1.88,4.12,-0.4,-0.79,-0.42,10,59
3,2000,Autumn Mystery,12,Teodore Nugent,7,13,5.16,26.0,37.0,87.66,84.47,95.0,95.33,-21.4,66.63,115.94,10.0,9.0,9.0,-22.64,1.24,-30.04,-0.74,3.55,4.59,0.07,0.52,0.65,4,23
3,2000,Suntora,6,Daniel Stackhouse,8,13,6.91,6.0,8.0,85.43,83.04,95.0,96.85,-23.07,62.64,114.34,6.0,7.0,7.0,-21.8,-1.26,-27.89,-0.86,2.6,4.36,0.19,-0.08,-1.38,8,56
3,2000,Newfoundland,10,Declan Bates,9,13,8.16,91.0,130.0,84.17,80.19,95.0,94.09,-24.14,61.65,115.49,12.0,12.0,13.0,-24.07,-0.07,-31.47,-0.63,3.31,4.71,-0.17,0.52,-0.42,7,38
3,2000,Torranzino,9,Celine Gaudray,10,13,8.91,61.0,95.4,83.39,81.4,95.0,94.4,-24.85,60.26,114.62,11.0,13.0,11.0,-23.47,-1.38,-30.99,-0.74,2.84,5.43,0.07,-0.43,-1.02,9,57
3,2000,Land Legend,14,Ethan Brown,11,13,8.97,12.0,15.7,83.27,81.28,95.0,96.18,-24.97,60.86,111.58,13.0,5.0,4.0,-19.54,-5.43,-31.59,0.09,5.94,6.02,-0.29,-1.39,-3.76,12,79
3,2000,Blonde Star,3,Damien Thornton,12,13,11.22,41.0,80.0,81.46,79.07,95.0,94.57,-26.88,55.67,112.06,5.0,6.0,8.0,-21.56,-5.31,-26.94,-1.1,2.0,4.47,-0.17,-1.63,-3.52,11,77
3,2000,Newlook,7,Michael Dee,13,13,14.22,101.0,190.0,79.19,76.0,95.0,93.71,-29.86,51.49,111.7,8.0,11.0,12.0,-23.23,-6.63,-29.44,-0.63,2.48,4.36,-0.52,-1.51,-4.59,13,83
4,1200,Over The Bridge,7,Mark Zahra,1,11,0.2,2.9,2.81,91.9,96.57,91.9,90.03,-0.02,101.17,107.43,4.0,4.0,3.0,-5.01,4.99,,0.03,-2.85,-2.19,-0.1,2.62,2.48,3,5
4,1200,I Am Aria,6,Michael Dee,2,11,0.2,31.0,44.25,91.34,96.41,91.9,86.66,-0.27,100.57,106.44,3.0,2.0,2.0,-4.12,3.85,,0.16,-1.96,-2.32,-0.36,2.37,1.85,4,7
4,1200,Scintillation,8,Zac Lloyd,3,11,0.95,7.0,7.89,89.68,94.51,91.9,88.76,-1.03,99.77,105.45,1.0,1.0,1.0,-3.49,2.46,,1.42,-2.47,-2.45,-0.48,2.11,0.83,7,20
4,1200,Calamari Ring,9,Ethan Brown,4,11,1.95,16.0,21.91,87.18,92.24,91.9,87.52,-2.17,98.16,108.95,8.0,8.0,8.0,-7.67,5.5,,-2.63,-2.59,-2.45,-0.48,3.13,2.86,2,3
4,1200,Lady Catalina,5,Thomas Stockdale,5,11,2.45,31.0,43.15,86.07,90.11,91.9,86.69,-2.68,96.55,105.98,2.0,3.0,4.0,-4.88,2.21,,0.79,-3.1,-2.57,-0.61,1.86,0.96,9,25
4,1200,Chayan,10,James McDonald,6,11,2.91,4.0,3.89,85.23,89.43,91.9,89.63,-3.06,96.95,109.5,11.0,10.0,11.0,-8.68,5.63,,-5.42,-1.08,-2.19,-0.74,3.13,3.24,1,2
4,1200,Jadzia,11,Jordan Childs,7,11,3.66,13.0,13.95,83.57,89.26,91.9,88.07,-3.82,95.95,106.75,5.0,7.0,5.0,-6.28,2.46,,-1.24,-2.97,-2.07,-0.36,2.37,0.45,7,20
4,1200,Ghana's Akan,13,Tim Clark,8,11,4.16,9.0,10.58,82.56,87.35,91.9,88.41,-4.32,95.34,107.98,9.0,9.0,9.0,-7.8,3.47,,-3.77,-1.84,-2.19,-0.74,2.49,1.72,5,10
4,1200,Sunbliss,4,Blake Shinn,9,11,4.91,17.0,24.62,81.17,85.38,91.9,87.37,-5.08,92.54,107.72,10.0,11.0,10.0,-7.92,2.84,,-4.53,-2.47,-0.93,-1.37,1.86,2.35,6,16
4,1200,Torture,1,Jamie Melham,10,11,5.66,101.0,230.31,80.2,85.43,91.9,84.64,-5.72,91.13,105.93,7.0,6.0,6.0,-6.4,0.69,,-1.62,-2.22,-2.57,-0.48,1.73,-0.56,10,42
4,1200,Simply Steffi,3,Ben Melham,11,11,14.66,31.0,44.25,73.1,76.98,91.9,86.66,-15.85,75.27,100.84,6.0,5.0,7.0,-6.02,-9.82,,-1.49,-2.22,-2.32,-2.0,-0.04,-7.78,11,88
5,1600,Pride Of Jenni,3,Declan Bates,1,6,0.0,1.85,1.93,100.7,100.7,100.7,100.69,1.48,103.03,105.04,1.0,1.0,1.0,5.27,-3.79,-3.34,0.03,3.98,4.59,-0.27,-2.15,-1.36,4,74
5,1600,Treasurethe Moment,1,Daniel Stackhouse,2,6,1.5,8.0,11.5,97.82,97.82,100.7,98.77,-0.09,100.05,107.82,4.0,4.0,5.0,0.8,-0.89,-6.36,-1.41,3.62,4.96,0.69,-1.55,-0.03,2,53
5,1600,Pounding,5,Luke Nolen,3,6,3.25,71.0,140.0,95.16,95.16,100.7,96.09,-1.54,98.47,108.83,6.0,6.0,6.0,-1.38,-0.16,-8.9,-1.29,3.74,5.08,0.45,-0.34,-0.27,1,43
5,1600,Zambardo,4,Jamie Melham,4,6,3.6,9.5,12.5,94.49,94.49,100.7,98.68,-1.9,97.68,107.17,5.0,5.0,4.0,0.44,-2.34,-7.93,-1.54,4.34,5.56,1.3,-0.83,-2.81,3,68
5,1600,Another Wil,2,John Allen,5,6,5.6,5.5,7.0,91.12,91.12,100.7,99.31,-3.95,93.9,104.98,3.0,3.0,2.0,1.89,-5.84,-6.12,-0.93,3.86,5.08,1.18,-2.28,-4.74,5,81
5,1600,Mr Brightside,6,Craig Williams,6,6,6.6,5.0,5.48,89.8,89.8,100.7,99.57,-4.92,93.12,103.95,2.0,2.0,3.0,2.61,-7.53,-4.79,-0.69,3.74,4.35,0.33,-2.64,-5.22,6,87
6,1600,Diameter,1,James McDonald,1,9,0.15,3.2,3.9,87.7,92.6,87.7,87.67,-2.21,96.52,109.86,4.0,4.0,4.0,-3.14,0.92,-1.31,-1.47,-1.63,1.26,-0.96,0.04,1.84,3,63
6,1600,Somethings Burnin',6,Damian Lane,2,9,0.15,8.0,10.0,87.26,93.72,87.7,86.66,-2.46,97.11,111.23,6.0,5.0,5.0,-4.95,2.49,-3.6,-0.5,-1.87,1.02,0.01,1.25,1.24,1,43
6,1600,Scarole,3,Thomas Stockdale,3,9,0.35,10.0,13.0,86.82,91.96,87.7,86.38,-2.7,96.11,108.24,1.0,1.0,1.0,-1.45,-1.25,1.11,-1.71,-1.75,0.9,-1.2,-0.32,0.27,7,76
6,1600,Lara Antipova,4,Zac Lloyd,4,9,2.1,2.6,2.47,84.63,89.63,87.7,88.16,-3.91,94.3,109.07,3.0,3.0,3.0,-3.26,-0.65,-0.82,-1.71,-1.63,0.9,-0.36,0.16,-0.45,6,73
6,1600,Russian Rock,2,Adam McCabe,5,9,2.25,31.0,40.0,84.2,90.35,87.7,85.17,-4.15,93.5,110.22,5.0,6.0,6.0,-4.83,0.68,-2.76,-1.71,-1.75,1.38,-0.48,-0.44,1.6,4,65
6,1600,Boys Bounce,8,Jye McNeil,6,9,2.31,13.0,15.56,83.98,89.74,87.7,86.18,-4.27,94.3,107.72,2.0,2.0,2.0,-1.81,-2.46,0.51,-1.83,-1.39,0.9,-1.32,0.04,-1.18,8,77
6,1600,Cliff Runner,9,Damien Thornton,7,9,4.06,51.0,60.0,81.13,87.11,87.7,84.73,-5.84,91.89,110.41,8.0,7.0,7.0,-6.16,0.32,-5.53,-0.14,-1.75,1.26,-0.36,0.4,0.27,5,68
6,1600,Hidrix,10,Ben Melham,8,9,4.12,19.0,27.11,80.91,87.04,87.7,85.59,-5.96,91.89,111.64,9.0,9.0,8.0,-7.73,1.77,-7.47,-0.14,-1.51,1.38,0.13,1.01,0.64,2,53
6,1600,Obambulate,5,Nash Rawiller,9,9,9.37,16.0,17.0,74.11,79.41,87.7,86.09,-11.15,82.44,108.52,7.0,8.0,9.0,-7.25,-3.91,-4.08,-2.56,-1.99,1.38,-0.72,-0.2,-2.99,9,84
7,1600,Changing Colours,10,Blake Shinn,1,9,0.0,3.8,3.72,97.2,95.69,97.2,98.36,-3.83,95.3,113.0,5.0,6.0,5.0,-7.85,4.02,-11.6,-1.99,0.75,4.99,1.44,1.49,1.09,1,6
7,1600,Sass Appeal,4,Damian Lane,2,9,1.0,2.15,2.49,95.21,96.59,97.2,98.79,-4.91,92.31,110.17,1.0,1.0,1.0,-5.19,0.28,-6.76,-2.59,0.63,3.54,0.72,0.41,-0.84,4,43
7,1600,Too Darn Discreet,11,Declan Bates,3,9,2.25,5.5,7.05,93.0,92.24,97.2,97.67,-6.12,91.72,110.42,7.0,5.0,3.0,-6.28,0.16,-13.05,-0.05,1.35,5.47,1.08,0.04,-0.97,5,47
7,1600,Private Legacy,7,Ben Melham,4,9,3.0,81.0,127.3,91.67,90.91,97.2,94.57,-6.85,89.73,112.76,8.0,8.0,8.0,-9.54,2.7,-13.29,-1.63,0.14,5.23,1.32,0.28,1.09,2,12
7,1600,Moonlight Circus,5,Ethan Brown,5,9,3.1,26.0,40.0,91.45,89.94,97.2,95.81,-6.97,89.13,111.88,6.0,7.0,7.0,-8.58,1.61,-12.44,-1.38,0.63,4.62,0.84,0.16,0.6,3,26
7,1600,Sea What I See,8,Craig Williams,6,9,3.85,7.5,8.0,90.34,88.83,97.2,97.54,-7.57,88.74,109.06,2.0,2.0,2.0,-5.56,-2.01,-7.61,-2.59,0.87,3.78,0.6,-1.29,-1.33,8,70
7,1600,Glasgow Lass,3,Daniel Stackhouse,7,9,4.1,21.0,25.27,89.9,88.39,97.2,96.3,-7.81,87.34,109.82,4.0,4.0,4.0,-6.64,-1.17,-9.66,-2.11,0.75,4.38,0.96,-0.32,-1.81,7,62
7,1600,After Summer,6,Billy Egan,8,9,5.85,41.0,85.0,87.29,86.16,97.2,95.0,-9.5,85.16,109.03,3.0,3.0,6.0,-6.76,-2.74,-9.54,-2.11,0.75,4.14,-0.25,-1.41,-1.09,9,72
7,1600,Charisse,9,Patrick Moloney,9,9,5.91,151.0,281.18,87.12,85.61,97.2,93.72,-9.62,85.56,111.34,9.0,9.0,9.0,-9.66,0.04,-14.01,-1.38,0.51,5.23,0.36,-0.32,0.0,6,49
8,1200,Jimmysstar,8,Ethan Brown,1,13,0.0,6.5,5.9,101.5,101.5,101.5,102.23,-1.04,99.97,106.78,13.0,12.0,12.0,-4.8,3.76,,-5.48,0.03,0.65,0.42,1.51,1.83,1,1
8,1200,Extragalactic,2,James McDonald,2,13,0.75,5.0,6.2,99.81,99.81,101.5,102.17,-1.8,97.58,102.97,6.0,6.0,4.0,-1.26,-0.55,,-2.31,-0.48,1.53,0.29,-0.52,-0.33,4,16
8,1200,Charm Stone,11,Damian Lane,3,13,1.0,21.0,25.4,99.24,99.24,101.5,100.44,-2.06,98.99,102.01,1.0,2.0,2.0,-0.37,-1.69,,-1.3,0.53,0.39,0.42,-0.14,-1.97,7,29
8,1200,Oliveanotherday,5,Harry Coffey,4,13,1.75,9.5,9.6,97.83,97.83,101.5,101.63,-2.69,96.8,102.3,3.0,3.0,3.0,-1.0,-1.69,,-1.68,0.28,0.39,0.17,-0.01,-1.85,7,29
8,1200,Geegees Mistruth,1,Blake Shinn,5,13,2.25,26.0,46.0,96.7,96.7,101.5,99.72,-3.2,95.21,103.74,7.0,7.0,7.0,-2.78,-0.42,,-2.44,-0.61,0.27,0.42,-0.01,-0.83,3,14
8,1200,Napoleonic,7,Zac Lloyd,6,13,3.5,13.0,10.58,94.44,94.58,101.5,101.51,-4.21,94.83,102.65,2.0,4.0,6.0,-2.14,-2.07,,-1.55,-0.99,0.39,0.04,-0.39,-1.72,9,35
8,1200,Pericles,10,Craig Williams,7,13,3.6,31.0,37.36,94.16,94.16,101.5,99.97,-4.34,95.23,104.15,11.0,11.0,9.0,-3.79,-0.55,,-4.08,-1.11,1.41,0.55,-0.39,-0.71,4,16
8,1200,Giga Kick,4,Mark Zahra,8,13,3.95,13.0,18.5,93.31,93.31,101.5,100.83,-4.72,93.44,104.21,10.0,10.0,11.0,-4.04,-0.67,,-3.96,-0.48,0.39,0.29,-0.14,-0.83,6,19
8,1200,Beiwacht,3,Nash Rawiller,9,13,4.1,3.2,4.46,93.03,93.11,101.5,102.57,-4.84,93.04,100.23,4.0,1.0,1.0,0.14,-4.98,,-1.93,1.29,0.77,0.42,-1.53,-3.87,12,67
8,1200,Beadman,12,Tim Clark,10,13,5.1,26.0,32.0,91.08,91.29,101.5,100.16,-5.86,93.26,105.11,12.0,13.0,13.0,-5.56,-0.3,,-4.84,-2.0,1.28,-0.09,0.24,-0.45,2,12
8,1200,My Gladiola,9,Jamie Mott,11,13,5.16,14.0,15.26,90.85,90.85,101.5,101.07,-5.98,92.46,103.12,9.0,9.0,8.0,-3.54,-2.45,,-3.32,-0.73,0.52,0.55,-0.14,-2.86,10,38
8,1200,Rothfire,6,Brad Rawiller,12,13,6.66,71.0,120.0,88.6,88.6,101.5,98.55,-7.5,89.49,102.16,5.0,8.0,10.0,-3.28,-4.22,,-2.18,-1.11,0.02,-0.34,-0.64,-3.24,11,60
8,1200,Gallant Son,13,Luke Nolen,13,13,6.76,31.0,48.0,88.43,88.43,101.5,99.67,-7.63,90.69,100.93,8.0,5.0,5.0,-2.02,-5.61,,-2.94,0.28,0.65,0.17,-0.77,-5.01,13,71
9,1440,Regal Zeus,1,Jamie Mott,1,9,0.0,26.0,35.99,96.5,95.76,96.5,94.54,3.28,105.54,105.83,1.0,1.0,1.0,7.24,-3.96,-0.99,0.69,3.65,3.89,1.26,-1.56,-3.66,7,53
9,1440,Run Harry Run,7,Mark Zahra,2,9,1.5,10.0,12.23,94.11,92.63,96.5,95.75,2.06,104.56,105.73,2.0,2.0,2.0,6.63,-4.57,-1.84,0.93,3.53,4.01,0.9,-1.56,-3.9,8,60
9,1440,Lim's Saltoro,3,Craig Newitt,3,9,1.6,19.0,24.11,93.87,92.39,96.5,94.99,1.94,103.76,106.7,3.0,4.0,3.0,5.41,-3.47,-2.45,0.08,3.41,4.37,1.14,-0.95,-3.66,5,49
9,1440,Here To Shock,4,Daniel Stackhouse,4,9,1.66,12.0,14.29,93.63,92.89,96.5,95.58,1.82,103.76,108.01,6.0,6.0,5.0,3.83,-2.01,-4.03,-0.04,3.65,4.25,1.63,-0.34,-3.29,1,27
9,1440,Harry's Yacht,5,Ben Allen,4,9,1.66,3.5,4.29,93.63,92.16,96.5,96.93,1.82,103.96,107.8,5.0,5.0,6.0,4.07,-2.25,-3.91,-0.04,3.77,4.25,1.02,-0.71,-2.56,2,32
9,1440,Athanatos,2,Lachlan Neindorf,6,9,1.86,13.0,15.82,93.15,92.78,96.5,95.46,1.57,102.97,106.62,4.0,3.0,4.0,5.29,-3.71,-3.06,0.44,3.89,4.01,1.14,-1.44,-3.41,6,52
9,1440,Buccleuch,11,Billy Egan,7,9,2.61,2.3,2.6,91.72,90.98,96.5,97.49,0.84,103.17,108.13,7.0,7.0,7.0,3.1,-2.25,-5.37,0.32,3.65,4.49,0.9,-0.83,-2.32,2,32
9,1440,Royal Insignia,9,Blake Shinn,8,9,3.86,8.5,10.26,89.33,87.85,96.5,95.95,-0.37,100.99,108.03,9.0,9.0,8.0,2.49,-2.86,-5.74,-0.04,3.77,4.49,1.02,-0.22,-3.66,4,38
9,1440,Charterhouse,8,Jett Stanley,9,9,10.86,101.0,290.0,81.02,79.55,96.5,92.2,-7.07,89.87,104.44,8.0,8.0,9.0,2.73,-9.8,-5.62,0.08,3.77,4.49,0.17,-2.66,-7.31,9,85
