race,distance,horse,barrier,jockey,finish,runners,margin,sp,bsp,at_weights,wfa,race_rating,expected,vs_class,speed,finishing_speed,settle,pos800,pos400,early_to600_vs_class,late_last600_vs_class,split_start,split_1200_1000,split_1000_800,split_800_600,split_600_400,split_400_200,split_200_f,late_race_rank,late_meet_rank
1,1000,Musandam,4,Jamie Mott,1,6,0.0,3.8,0.0,75.02,85.33,75.02,85.23,-12.05,80.8,,1.0,1.0,2.0,,,,,,,,,,,
1,1000,Maalefushi,3,Luke Currie,2,6,1.75,7.5,0.0,70.43,81.43,75.02,85.23,-13.9,77.86,,2.0,2.0,1.0,,,,,,,,,,,
1,1000,Silent Intent,1,Jye McNeil,3,6,2.05,4.8,0.0,69.64,80.87,75.02,85.23,-14.21,77.35,,4.0,4.0,5.0,,,,,,,,,,,
1,1000,Ankaa,5,Harry Coffey,4,6,2.45,5.0,0.0,68.59,79.41,75.02,85.23,-14.63,76.68,,5.0,5.0,4.0,,,,,,,,,,,
1,1000,Bella Divina,2,Daniel Stackhouse,5,6,6.95,10.0,0.0,59.8,70.73,75.02,85.23,-19.37,69.13,,3.0,3.0,3.0,,,,,,,,,,,
1,1000,Proverb,7,Blake Shinn,0,0,0.0,0.0,0.0,,,,,,,,,,,,,,,,,,,,,
2,1200,Hankee Alpha,17,Craig Williams,1,13,0.0,4.4,0.0,106.39,104.97,106.39,69.08,-3.98,93.61,,9.0,9.0,3.0,,,,,,,,,,,
2,1200,Esmahli,15,Michael Dee,2,13,6.0,5.0,0.0,94.09,93.54,106.39,69.08,-10.23,83.58,,7.0,7.0,8.0,,,,,,,,,,,
2,1200,Moby Dick,6,Logan Bates,3,13,6.75,7.5,0.0,93.11,93.46,106.39,69.08,-11.02,82.33,,5.0,5.0,7.0,,,,,,,,,,,
2,1200,Ruska Roma,8,Luke Cartwright,4,13,6.9,14.0,0.0,92.91,92.2,106.39,69.08,-11.17,82.08,,10.0,10.0,10.0,,,,,,,,,,,
2,1200,Thebelmontgangster,3,Ethan Brown,5,13,8.65,6.0,0.0,91.11,91.47,106.39,69.08,-13.0,79.16,,11.0,11.0,11.0,,,,,,,,,,,
2,1200,Ivan's Hero,18,Ben Melham,6,13,8.85,21.0,0.0,90.93,90.21,106.39,69.08,-13.2,78.82,,6.0,6.0,4.0,,,,,,,,,,,
2,1200,Naval Academy,20,Dakotah Keane,7,13,8.95,17.0,0.0,90.84,89.42,106.39,69.08,-13.31,78.65,,3.0,3.0,1.0,,,,,,,,,,,
2,1200,Alero,11,Jabez Johnstone,8,13,10.7,21.0,0.0,89.59,88.17,106.39,69.08,-15.13,75.73,,2.0,2.0,6.0,,,,,,,,,,,
2,1200,Charming Nic,7,Harry Coffey,9,13,11.95,16.0,0.0,88.9,88.19,106.39,69.08,-16.43,73.64,,8.0,8.0,9.0,,,,,,,,,,,
2,1200,Rue De Royale,16,Holly Durnan,10,13,12.2,26.0,33.62,88.79,90.21,106.39,69.08,-16.69,73.22,,4.0,4.0,5.0,,,,,,,,,,,
2,1200,Queen Christine,5,Daniel Stackhouse,11,13,12.7,9.0,0.0,88.56,87.85,106.39,69.08,-17.21,72.39,,1.0,1.0,2.0,,,,,,,,,,,
2,1200,Kahhof,1,Billy Egan,12,13,18.7,26.0,0.0,86.98,87.69,106.39,69.08,-23.46,62.36,,13.0,13.0,13.0,,,,,,,,,,,
2,1200,Savilla,4,Jye McNeil,13,13,19.16,201.0,0.0,86.92,85.85,106.39,69.08,-23.94,61.59,,12.0,12.0,12.0,,,,,,,,,,,
3,1800,Miss Waititi,7,Craig Williams,1,12,2.5,6.5,0.0,80.64,85.87,80.64,62.4,-15.74,73.43,,6.0,7.0,5.0,,,,,,,,,,,
3,1800,Cignetti,4,Blake Shinn,3,12,3.25,8.0,0.0,75.31,81.84,80.64,62.4,-18.97,67.98,,2.0,5.0,3.0,,,,,,,,,,,
3,1800,Icy You,6,Craig Newitt,4,12,3.31,14.0,0.0,75.21,80.78,80.64,62.4,-19.03,67.88,,8.0,6.0,7.0,,,,,,,,,,,
3,1800,Aragog,13,Lachlan Neindorf,5,12,4.56,9.0,0.0,73.23,78.54,80.64,62.4,-20.27,65.78,,1.0,2.0,1.0,,,,,,,,,,,
3,1800,Skua,8,John Allen,6,12,4.91,21.0,0.0,72.71,78.67,80.64,62.4,-20.62,65.19,,3.0,3.0,4.0,,,,,,,,,,,
3,1800,Arashi Flash,2,Michael Dee,7,12,8.16,51.0,0.0,68.73,74.83,80.64,62.4,-23.85,59.74,,5.0,1.0,2.0,,,,,,,,,,,
3,1800,Notified,5,Declan Bates,8,12,11.41,20.0,0.0,65.86,71.75,80.64,62.4,-27.08,54.29,,10.0,10.0,10.0,,,,,,,,,,,
3,1800,Melbourne Boy,14,Ethan Brown,9,12,11.76,19.0,0.0,65.61,72.23,80.64,62.4,-27.43,53.7,,11.0,11.0,11.0,,,,,,,,,,,
3,1800,Corretto,9,Ben Melham,10,12,14.01,71.0,0.0,64.17,69.32,80.64,62.4,-29.66,49.92,,12.0,12.0,12.0,,,,,,,,,,,
3,1800,Ko Phangan,3,Jamie Mott,11,12,26.01,26.0,0.0,60.21,66.86,80.64,62.4,-41.59,29.79,,7.0,8.0,8.0,,,,,,,,,,,
3,1800,Lepolo,1,Harry Coffey,12,12,35.01,3.7,0.0,59.21,66.7,80.64,62.4,-50.54,14.69,,4.0,4.0,9.0,,,,,,,,,,,
3,1800,Vallice,10,Mark Zahra,0,0,0.0,0.0,0.0,,,,,,,,,,,,,,,,,,,,,
4,1600,Saintly Dancer,12,Ethan Brown,1,11,0.0,6.5,0.0,90.42,95.8,90.42,62.89,-9.8,83.66,,1.0,1.0,1.0,,,,,,,,,,,
4,1600,Joely,7,Craig Williams,2,11,6.0,14.0,0.0,80.28,85.73,90.42,62.89,-15.85,73.58,,8.0,8.0,8.0,,,,,,,,,,,
4,1600,Beautiful You,14,Daniel Stackhouse,3,11,9.25,15.0,0.0,76.69,82.48,90.42,62.89,-19.12,68.12,,2.0,2.0,2.0,,,,,,,,,,,
4,1600,Autumn In Grinzing,1,Blake Shinn,4,11,10.75,8.5,0.0,75.45,81.06,90.42,62.89,-20.64,65.6,,6.0,6.0,5.0,,,,,,,,,,,
4,1600,Stipulation,6,John Allen,5,11,11.25,4.2,0.0,75.08,80.23,90.42,62.89,-21.14,64.76,,4.0,4.0,3.0,,,,,,,,,,,
4,1600,Portinari,15,Mark Zahra,6,11,12.5,4.6,0.0,74.26,80.43,90.42,62.89,-22.4,62.66,,11.0,11.0,10.0,,,,,,,,,,,
4,1600,Abaya,3,Jye McNeil,7,11,12.7,51.0,0.0,74.14,80.77,90.42,62.89,-22.6,62.33,,7.0,7.0,7.0,,,,,,,,,,,
4,1600,Tolaga Bay,8,Michael Dee,8,11,12.8,15.0,0.0,74.08,79.53,90.42,62.89,-22.7,62.16,,5.0,5.0,6.0,,,,,,,,,,,
4,1600,Oceans Fouroseven,13,Ben Allen,9,11,13.3,19.0,0.0,73.78,80.82,90.42,62.89,-23.21,61.32,,3.0,3.0,4.0,,,,,,,,,,,
4,1600,Nikitria,10,Ben Melham,10,11,15.05,11.0,0.0,72.91,78.64,90.42,62.89,-24.97,58.38,,9.0,9.0,9.0,,,,,,,,,,,
4,1600,Salann,4,Billy Egan,11,11,16.8,10.0,0.0,72.2,77.32,90.42,62.89,-26.73,55.44,,10.0,10.0,11.0,,,,,,,,,,,
5,1400,Stylish,16,Ethan Brown,1,11,0.0,7.0,0.0,37.83,36.36,37.83,69.03,-10.87,82.37,,2.0,2.0,2.0,,,,,,,,,,,
5,1400,Gold Medallist,5,Luke Nolen,2,11,0.46,7.5,0.0,36.91,35.45,37.83,69.03,-11.34,81.6,,5.0,5.0,5.0,,,,,,,,,,,
5,1400,Betwitchery,15,Ben Allen,3,11,1.21,61.0,0.0,35.43,34.33,37.83,69.03,-12.11,80.36,,7.0,7.0,6.0,,,,,,,,,,,
5,1400,Gold Coast Belle,10,Mark Zahra,4,11,1.96,2.6,0.0,33.94,33.58,37.83,69.03,-12.88,79.11,,4.0,4.0,3.0,,,,,,,,,,,
5,1400,Cilacap,20,Jordan Childs,5,11,2.21,19.0,0.0,33.45,33.81,37.83,69.03,-13.13,78.7,,11.0,10.0,7.0,,,,,,,,,,,
5,1400,Mareth,11,Jamie Melham,6,11,6.46,13.0,0.0,26.11,25.01,37.83,69.03,-17.48,71.65,,6.0,6.0,8.0,,,,,,,,,,,
5,1400,Illyivy,9,Beau Mertens,7,11,7.21,101.0,0.0,25.18,23.72,37.83,69.03,-18.25,70.4,,10.0,11.0,10.0,,,,,,,,,,,
5,1400,Tennessee Bound,13,Jabez Johnstone,8,11,7.41,4.6,0.0,24.96,23.49,37.83,69.03,-18.46,70.07,,1.0,1.0,1.0,,,,,,,,,,,
5,1400,Shohisha,14,William Pike,9,11,8.16,12.0,0.0,24.15,22.68,37.83,69.03,-19.22,68.82,,8.0,8.0,9.0,,,,,,,,,,,
5,1400,Grand Omaha,17,Patrick Moloney,10,11,9.41,31.0,0.0,23.0,22.02,37.83,69.03,-20.5,66.75,,9.0,9.0,11.0,,,,,,,,,,,
5,1400,Wrote To Arataki,1,Dean Yendall,11,11,17.41,26.0,0.0,19.0,19.0,37.83,69.03,-28.69,53.47,,3.0,3.0,4.0,,,,,,,,,,,
6,1100,The Next Episode,6,Mark Zahra,1,11,0.0,3.3,0.0,42.62,46.94,42.62,64.58,-6.73,89.29,,10.0,10.0,8.0,,,,,,,,,,,
6,1100,Natural Fling,10,Damian Lane,2,11,0.35,2.7,0.0,41.79,46.05,42.62,64.58,-7.09,88.71,,2.0,2.0,2.0,,,,,,,,,,,
6,1100,Mbube,8,Billy Egan,3,11,1.35,16.0,0.0,39.42,43.16,42.62,64.58,-8.14,87.04,,7.0,7.0,7.0,,,,,,,,,,,
6,1100,Alibaba,9,Craig Newitt,4,11,1.5,81.0,0.0,39.06,43.06,42.62,64.58,-8.3,86.79,,5.0,5.0,4.0,,,,,,,,,,,
6,1100,Doubt Time,11,Michael Dee,5,11,3.25,18.0,0.0,34.91,38.57,42.62,64.58,-10.12,83.88,,8.0,8.0,10.0,,,,,,,,,,,
6,1100,Buggsy,2,Craig Williams,6,11,3.5,26.0,0.0,34.32,38.14,42.62,64.58,-10.39,83.46,,6.0,6.0,9.0,,,,,,,,,,,
6,1100,Over Excited,4,Ethan Brown,7,11,3.9,4.6,0.0,33.37,36.47,42.62,64.58,-10.8,82.79,,9.0,9.0,6.0,,,,,,,,,,,
6,1100,Big Sky,7,Jordan Childs,8,11,4.0,21.0,0.0,33.15,37.26,42.62,64.58,-10.91,82.63,,3.0,3.0,5.0,,,,,,,,,,,
6,1100,Pocketfullofcash,3,Blake Shinn,9,11,5.25,21.0,0.0,30.83,35.07,42.62,64.58,-12.22,80.55,,1.0,1.0,1.0,,,,,,,,,,,
6,1100,Zambales,5,Jamie Mott,10,11,5.71,51.0,0.0,30.09,33.07,42.62,64.58,-12.7,79.78,,11.0,11.0,11.0,,,,,,,,,,,
6,1100,Stretan Ruler,1,Lachlan Neindorf,11,11,5.86,41.0,0.0,29.85,34.25,42.62,64.58,-12.85,79.53,,4.0,4.0,3.0,,,,,,,,,,,
7,2520,Litzdeel,12,Daniel Stackhouse,2,13,1.25,4.6,0.0,-1.01,-3.97,0.65,69.27,-33.85,41.63,,6.0,6.0,5.0,,,,,,,,,,,
7,2520,Newlook,13,Craig Newitt,4,13,6.0,41.0,0.0,-7.1,-11.76,0.65,69.27,-38.42,33.75,,8.0,8.0,8.0,,,,,,,,,,,
7,2520,Think Giant,7,Jamie Melham,5,13,6.25,9.0,0.0,-7.39,-12.05,0.65,69.27,-38.67,33.34,,3.0,4.0,4.0,,,,,,,,,,,
7,2520,Wootton Verni,5,Jye McNeil,6,13,6.55,9.5,0.0,-7.73,-8.15,0.65,69.27,-38.95,32.84,,4.0,3.0,3.0,,,,,,,,,,,
7,2520,Campaldino,20,Jordan Childs,7,13,6.85,9.0,0.0,-8.05,-9.32,0.65,69.27,-39.24,32.34,,1.0,1.0,1.0,,,,,,,,,,,
7,2520,Jennivamoose,17,Harry Coffey,9,13,8.35,6.0,0.0,-9.62,-12.58,0.65,69.27,-40.69,29.85,,12.0,13.0,11.0,,,,,,,,,,,
7,2520,Berkeley Square,9,Declan Bates,10,13,8.7,11.0,0.0,-9.96,-10.81,0.65,69.27,-41.02,29.27,,10.0,11.0,9.0,,,,,,,,,,,
7,2520,Zarir,1,Beau Mertens,11,13,9.1,151.0,0.0,-10.34,-14.99,0.65,69.27,-41.41,28.61,,11.0,10.0,12.0,,,,,,,,,,,
7,2520,Tajanis,2,Jett Stanley,12,13,9.25,151.0,0.0,-10.48,-15.14,0.65,69.27,-41.55,28.36,,9.0,9.0,10.0,,,,,,,,,,,
7,2520,Suffolk Star,18,Damien Thornton,13,13,14.25,31.0,0.0,-14.5,-19.16,0.65,69.27,-46.36,20.07,,13.0,12.0,13.0,,,,,,,,,,,
7,2520,Piggyback,3,Michael Dee,0,0,0.0,0.0,0.0,,,,,,,,,,,,,,,,,,,,,
7,2520,Valiant King,6,Ethan Brown,0,0,0.0,0.0,0.0,,,,,,,,,,,,,,,,,,,,,
7,2520,Mr Monaco,15,Jabez Johnstone,0,0,0.0,0.0,0.0,,,,,,,,,,,,,,,,,,,,,
8,2000,Cosmic Crusader,4,William Pike,1,13,1.75,8.0,0.0,,,,,,,,5.0,5.0,3.0,,,,,,,,,,,
8,2000,Light Infantry Man,3,Harry Coffey,2,13,1.75,26.0,0.0,,,,,,,,1.0,1.0,1.0,,,,,,,,,,,
8,2000,Aeliana,2,Damian Lane,3,13,2.75,3.8,0.0,,,,,,,,4.0,4.0,5.0,,,,,,,,,,,
8,2000,Sir Delius,9,Craig Williams,4,13,3.5,3.0,0.0,,,,,,,,2.0,2.0,2.0,,,,,,,,,,,
8,2000,Half Yours,14,Jamie Melham,5,13,6.5,16.0,0.0,,,,,,,,7.0,7.0,6.0,,,,,,,,,,,
8,2000,Ohope Wins,5,Blake Shinn,6,13,9.25,51.0,0.0,,,,,,,,8.0,8.0,7.0,,,,,,,,,,,
8,2000,She's A Hustler,7,Jordan Childs,7,13,10.5,21.0,0.0,,,,,,,,3.0,3.0,4.0,,,,,,,,,,,
8,2000,Middle Earth,6,Mark Zahra,8,13,10.6,31.0,0.0,,,,,,,,9.0,9.0,9.0,,,,,,,,,,,
8,2000,Kings Valley,10,Lachlan Neindorf,9,13,11.35,151.0,0.0,,,,,,,,11.0,11.0,10.0,,,,,,,,,,,
8,2000,Saint George,13,Michael Dee,10,13,11.81,13.0,0.0,,,,,,,,13.0,12.0,12.0,,,,,,,,,,,
8,2000,Zahrann,1,Ethan Brown,11,13,18.81,12.0,0.0,,,,,,,,6.0,6.0,8.0,,,,,,,,,,,
8,2000,Buckaroo,8,Jye McNeil,12,13,28.81,17.0,0.0,,,,,,,,10.0,10.0,11.0,,,,,,,,,,,
8,2000,Asterix,11,Ben Melham,13,13,43.81,71.0,0.0,,,,,,,,12.0,13.0,13.0,,,,,,,,,,,
9,1200,Skybird,5,Ben Melham,1,10,0.0,2.9,0.0,,,,,,,,7.0,7.0,7.0,,,,,,,,,,,
9,1200,Smooth Chino,14,Austin Galati,2,10,0.06,6.0,0.0,,,,,,,,5.0,5.0,6.0,,,,,,,,,,,
9,1200,Arkansaw Kid,11,Jamie Melham,3,10,1.31,5.0,0.0,,,,,,,,3.0,3.0,3.0,,,,,,,,,,,
9,1200,King Zephyr,10,Jordan Childs,4,10,2.56,20.0,0.0,,,,,,,,9.0,9.0,9.0,,,,,,,,,,,
9,1200,Losesomewinmore,7,Craig Williams,5,10,3.31,10.0,0.0,,,,,,,,8.0,8.0,8.0,,,,,,,,,,,
9,1200,De Bergerac,8,Daniel Stackhouse,6,10,4.56,12.0,0.0,,,,,,,,10.0,10.0,10.0,,,,,,,,,,,
9,1200,Enriched,13,Damian Lane,7,10,5.31,21.0,0.0,,,,,,,,4.0,4.0,4.0,,,,,,,,,,,
9,1200,Winnasedge,6,Michael Dee,8,10,5.81,26.0,0.0,,,,,,,,2.0,2.0,2.0,,,,,,,,,,,
9,1200,Hedged,3,Blake Shinn,9,10,8.56,9.0,0.0,,,,,,,,1.0,1.0,1.0,,,,,,,,,,,
9,1200,Jimmy Recard,12,Declan Bates,0,0,0.0,0.0,0.0,,,,,,,,,,,,,,,,,,,,,
10,1400,Cote Atlantique,9,Declan Bates,1,11,0.0,11.0,0.0,,,,,,,,6.0,6.0,6.0,,,,,,,,,,,
10,1400,Just Folk,13,Blake Shinn,2,11,1.25,9.0,0.0,,,,,,,,3.0,3.0,2.0,,,,,,,,,,,
10,1400,Zou Sensation,11,Ben Allen,3,11,2.5,21.0,0.0,,,,,,,,5.0,5.0,4.0,,,,,,,,,,,
10,1400,Amenable,8,Michael Dee,4,11,3.0,12.0,0.0,,,,,,,,8.0,8.0,7.0,,,,,,,,,,,
10,1400,Ten Commandments,3,Jabez Johnstone,5,11,3.06,2.4,0.0,,,,,,,,4.0,4.0,5.0,,,,,,,,,,,
10,1400,Aztec Ruler,18,Lachlan Neindorf,6,11,7.81,51.0,0.0,,,,,,,,11.0,11.0,10.0,,,,,,,,,,,
10,1400,Cafe Millenium,7,Mark Zahra,7,11,7.91,16.0,0.0,,,,,,,,9.0,9.0,8.0,,,,,,,,,,,
10,1400,Just Party,10,Craig Williams,8,11,8.66,5.0,0.0,,,,,,,,10.0,10.0,9.0,,,,,,,,,,,
10,1400,Fancify,5,Jamie Melham,9,11,9.41,17.0,0.0,,,,,,,,2.0,2.0,1.0,,,,,,,,,,,
10,1400,Home Rule,1,Logan Bates,10,11,13.91,11.0,0.0,,,,,,,,1.0,1.0,3.0,,,,,,,,,,,
10,1400,Kaye Jay,2,Luke Currie,0,0,0.0,0.0,0.0,,,,,,,,,,,,,,,,,,,,,
